20071203,03-Dec-07,Re-issue,http://www.naa.gov.au/information-management/information-governance/aao/2007-12-03.aspx
20080125,25-Jan-08,Re-issue,http://www.naa.gov.au/information-management/information-governance/aao/2008-01-25.aspx
20080501,01-May-08,Re-issue,http://www.naa.gov.au/information-management/information-governance/aao/2008-01-25.aspx
20100308,08-Mar-10,Re-issue,http://www.naa.gov.au/information-management/information-governance/aao/2010-03-08.aspx
20100506,06-May-10,Re-issue,http://www.naa.gov.au/information-management/information-governance/aao/2010-05-06.aspx
20100629,29-Jun-10,Re-issue,http://www.naa.gov.au/information-management/information-governance/aao/2010-05-06.aspx
20101014,14-Oct-10,Re-issue,http://www.naa.gov.au/information-management/information-governance/aao/2010-10-14.aspx
20111019,19-Oct-11,Amendment,http://www.naa.gov.au/information-management/information-governance/aao/2010-10-14.aspx
20111207,07-Dec-11,Amendment,http://www.naa.gov.au/information-management/information-governance/aao/2010-10-14.aspx
20111214,14-Dec-11,Re-issue,http://www.naa.gov.au/information-management/information-governance/aao/2011-12-14.aspx
20120209,09-Feb-12,Re-issue,http://www.naa.gov.au/information-management/information-governance/aao/2012-02-09.aspx
20130325,25-Mar-13,Amendment,http://www.naa.gov.au/information-management/information-governance/aao/2012-02-09.aspx
20130516,16-May-13,Re-issue,http://www.naa.gov.au/information-management/information-governance/aao/2013-05-16.aspx
20130918,18-Sep-13,Re-issue,http://www.naa.gov.au/information-management/information-governance/aao/2013-09-18.aspx
20131003,03-Oct-13,Amendment,http://www.naa.gov.au/information-management/information-governance/aao/2013-09-18.aspx
20141223,23-Dec-14,Re-issue,http://www.naa.gov.au/information-management/information-governance/aao/2014-12-23.aspx
20150709,09-Jul-15,Re-issue,http://www.naa.gov.au/information-management/information-governance/aao/2015-07-01.aspx
20150930,30-Sep-15,Re-issue,http://www.naa.gov.au/information-management/information-governance/aao/2015-07-01.aspx
20160901,01-Sep-16,Re-issue,http://www.naa.gov.au/information-management/information-governance/aao/2016-09-01.aspx
20161027,27-Oct-16,Amendment,http://www.naa.gov.au/information-management/information-governance/aao/2016-09-01.aspx
20170413,13-Apr-17,Amendment,http://www.naa.gov.au/information-management/information-governance/aao/2016-09-01.aspx
20171130,30-Nov-17,Amendment,http://www.naa.gov.au/information-management/information-governance/aao/2016-09-01.aspx
20171220,20-Dec-17,Amendment,http://www.naa.gov.au/information-management/information-governance/aao/2016-09-01.aspx
20180419,19-Apr-18,Re-issue,http://www.naa.gov.au/information-management/information-governance/aao/2018-05-23.aspx
20180510,10-May-18,Amendment,http://www.naa.gov.au/information-management/information-governance/aao/2018-05-23.aspx
20180828,28-Aug-18,Amendment,https://www.pmc.gov.au/resource-centre/government/aao-amendment-28-august-2018
